source,text,created_at,retweet_count,favorite_count,is_retweet,id_str
Twitter for iPhone,RT @JesseBWatters: What would the media say if Barack Obama were president during the Coronavirus Pandemic and handled it the same way as @‚Ä¶,05-05-2020 12:22:18,7433,0,true,1257646802716803073
Twitter for iPhone,Mexico is sadly experiencing very big CoronaVirus problems and now California get this doesn‚Äôt want people coming over the Southern Border. A Classic! They are sooo lucky that I am their President. Border is very tight and the Wall is rapidly being built!,05-04-2020 13:42:13,55724,260450,false,1257304527843110914
Twitter for iPhone,RT @Reuters: Roche gets FDA emergency use approval for COVID-19 antibody test https://t.co/vo7nAK58ox https://t.co/eKbCjUuPU7,05-03-2020 20:22:31,5556,0,true,1257042876334321664
Twitter for iPhone,Intelligence has just reported to me that I was correct and that they did NOT bring up the CoronaVirus subject matter until late into January just prior to my banning China from the U.S. Also they only spoke of the Virus in a very non-threatening or matter of fact manner...,05-03-2020 20:18:19,40834,164508,false,1257041819097092096
Twitter for iPhone,RT @Alyssafarah: The Trump Admin is making sure senior citizens are safe &amp; have access to the resources they need during coronavirus. In ad‚Ä¶,05-02-2020 21:25:45,5283,0,true,1256696404917059585
Twitter for iPhone,There is tremendous CoronaVirus testing capacity in Washington for the Senators returning to Capital Hill on Monday. Likewise the House which should return but isn‚Äôt because of Crazy Nancy P. The 5 minute Abbott Test will be used. Please inform Dr. Brian P. Monahan. @MarkMeadows,05-02-2020 13:06:53,19651,75817,false,1256570859935932416
Twitter for iPhone,RT @ScottGottliebMD: Positivity rates for covid19 testing nationally are starting to decline as testing expands sharply and we move more te‚Ä¶,05-01-2020 23:30:01,5218,0,true,1256365290276958211
Twitter for iPhone,RT @CDCgov: If you must travel take these steps to protect yourself &amp; others from #COVID19 during your trip. https://t.co/6cRDaMnVUV https‚Ä¶,05-01-2020 23:28:32,3854,0,true,1256364913997623297
Twitter for iPhone,RT @AFThunderbirds: Tomorrow's #AmericaStrong flyover serves as a salute to frontline #COVID responders.#InThisTogether üá∫üá∏ https://t.co/l‚Ä¶,05-01-2020 21:54:57,6002,0,true,1256341364129832961
Twitter for iPhone,RT @WhiteHouse: President @realDonaldTrump just met with @GovMurphy on Coronavirus testing financial assistance and planning a great come‚Ä¶,04-30-2020 16:32:58,8651,0,true,1255897944630444038
Twitter for iPhone,RT @RepLizCheney: Safeguarding our nation‚Äôs food supply is a critical component necessary to defeat the spread of coronavirus. I support th‚Ä¶,04-30-2020 13:16:43,8709,0,true,1255848558563143688
Twitter for iPhone,RT @mitchellvii: The economy is going to do so well this Summer and make Trump look so good that Democrats will accuse HIM of hyping COVID-‚Ä¶,04-30-2020 12:10:00,5987,0,true,1255831769590435840
Twitter for iPhone,RT @TrumpWarRoom: Yahoo reporter apologizes to President Trump after making false coronavirus test claim in Oval Office meeting https://t.‚Ä¶,04-29-2020 13:13:23,10360,0,true,1255485332339990528
Twitter for iPhone,RT @TrumpWarRoom: Joe Biden rambles and struggles for words during interview on coronavirus response https://t.co/9vKbLkBSro,04-29-2020 12:58:25,6247,0,true,1255481563195850754
Twitter for iPhone,RT @TrumpWarRoom: A reporter angrily insisted he was right about coronavirus testing data. In fact he was wrong and President Trump was r‚Ä¶,04-29-2020 12:56:54,8454,0,true,1255481185020661764
Twitter for iPhone,RT @TrumpWarRoom: Joe Biden forgot he's supposed to be lying about President Trump's coronavirus response ‚Äì and he actually told the truth!‚Ä¶,04-29-2020 12:56:25,6348,0,true,1255481062643417090
Twitter for iPhone,The only reason the U.S. has reported one million cases of CoronaVirus is that our Testing is sooo much better than any other country in the World. Other countries are way behind us in Testing and therefore show far fewer cases!,04-29-2020 04:23:38,42748,255133,false,1255352014042738688
Twitter for iPhone,RT @GLFOP: Thank you President @realDonaldTrump for your steadfast unapologetic support of law enforcement during #COVID19. From DAY ONE‚Ä¶,04-28-2020 23:49:48,8817,0,true,1255283103691661313
Twitter for iPhone,RT @nedryun: A fifth to half of all coronavirus deaths have been in nursing homes: https://t.co/s907CLfE4K,04-28-2020 14:04:12,10694,0,true,1255135733922140162
Twitter for iPhone,RT @seanhannity: Report: FBI Knew McCain Leaked Steele Dossier Now Blames Coronavirus For Not Releasing Documents https://t.co/wtFdcyO8UY,04-27-2020 01:10:44,12618,0,true,1254578694858911744
Twitter for iPhone,Was just informed that the Fake News from the Thursday White House Press Conference had me speaking &amp; asking questions of Dr. Deborah Birx. Wrong I was speaking to our Laboratory expert not Deborah about sunlight etc. &amp; the CoronaVirus. The Lamestream Media is corrupt &amp; sick!,04-25-2020 20:30:42,42177,193205,false,1254145835450933249
Twitter for iPhone,The Do Nothing Democrats are spending much of their money on Fake Ads. I never said that the CoronaVirus is a ‚ÄúHoax‚Äù I said that the Democrats and the way they lied about it are a Hoax. Also it did start with ‚Äúone person from China‚Äù and then grew &amp; will be a ‚ÄúMiracle‚Äù end!,04-25-2020 15:06:08,33968,143077,false,1254064154954076163
Twitter for iPhone,RT @CDCgov: States tribal local &amp; territorial officials: Resources are available to help quickly identify new #COVID19 cases break chai‚Ä¶,04-25-2020 13:08:14,4142,0,true,1254034484460244993
Twitter for iPhone,RT @CDCgov: Tribal leaders: You can help safeguard your communities from #COVID19 during funerals and burials. Actions like social distanci‚Ä¶,04-25-2020 13:07:15,3370,0,true,1254034236778131461
Twitter for iPhone,RT @CDCgov: New COVID-NET data reported more than 6000 #COVID19 hospitalizations. Of these almost 2000 had race/ethnicity info. When com‚Ä¶,04-25-2020 13:05:51,3377,0,true,1254033884137828354
Twitter for iPhone,RT @CDCgov: Adults age 65+ and those with underlying health conditions are at higher risk for severe illness from #COVID19. Learn more in t‚Ä¶,04-25-2020 13:05:26,3760,0,true,1254033779317932032
Twitter for iPhone,RT @CDCgov: Looking for #CDC #COVID19 resources for sharing on social media? CDC‚Äôs social media toolkit provides free sample messages and g‚Ä¶,04-25-2020 13:05:16,2767,0,true,1254033739128193024
Twitter for iPhone,RT @HHSGov: As @Surgeon_General explains telemedicine doesn't just help providers deliver care during the #COVID19 outbreak ‚Äì it can also‚Ä¶,04-25-2020 13:04:56,3969,0,true,1254033652079616003
Twitter for iPhone,RT @NIH: Plasma is the liquid part of blood. Ppl who have recovered from #COVID19 may have antibodies (proteins the immune system makes aft‚Ä¶,04-25-2020 13:04:25,4955,0,true,1254033523121553410
Twitter for iPhone,RT @CDCgov: We‚Äôre still learning about how #COVID19 affects animals but it appears that people can spread the virus to animals in some sit‚Ä¶,04-25-2020 13:04:07,4409,0,true,1254033450182610945
Twitter for iPhone,RT @DepSecHargan: ICYMI: Last week @VP announced that the administration is encouraging patients who have fully recovered from #COVID-19 to‚Ä¶,04-25-2020 13:03:08,3491,0,true,1254033202060156928
Twitter for iPhone,RT @CDCgov: The latest #COVIDView report shows that adults 65 and older are experiencing the highest rates of #COVID19-associated hospitali‚Ä¶,04-25-2020 13:02:51,3085,0,true,1254033127405740033
Twitter for iPhone,RT @CDCgov: Feeling sick? Answer a few questions about your symptoms using Clara CDC‚Äôs #Coronavirus Self-Checker to help you decide if yo‚Ä¶,04-25-2020 13:02:37,2932,0,true,1254033070078005249
Twitter for iPhone,RT @CDCgov: The latest CDC #COVIDView report with new hospitalization data on race/ethnicity by age is now available https://t.co/zP4VYlo0P‚Ä¶,04-25-2020 12:12:52,3409,0,true,1254020552605544448
Twitter for iPhone,RT @CDCgov: If you have diabetes you are at higher risk for getting seriously ill from #coronavirus. Learn how you can take steps to prote‚Ä¶,04-25-2020 12:12:10,3725,0,true,1254020376071454720
Twitter for iPhone,RT @WhiteHouse: LIVE: Press Briefing with Coronavirus Task Force https://t.co/mLfPSV05Lj,04-24-2020 21:39:42,7484,0,true,1253800812855386113
Twitter for iPhone,RT @SenateGOP: ‚úì SIGNEDPresident @realdonaldtrump just signed Phase 3.5 of coronavirus relief legislation into law!Here's what it inclu‚Ä¶,04-24-2020 17:02:05,5868,0,true,1253730946752413696
Twitter for iPhone,Great conversation with President Lenin Moreno of the Republic of Ecuador. We will be sending them desperately needed Ventilators of which we have recently manufactured many and helping them in other ways. They are fighting hard against CoronaVirus!,04-24-2020 14:59:34,17025,81935,false,1253700113383534598
Twitter for iPhone,RT @realDonaldTrump: Getting VERY good reviews of the job the Federal Government is doing on CoronaVirus. Ventilators building hospitals‚Ä¶,04-24-2020 14:59:24,21821,0,true,1253700072895848449
Twitter for iPhone,Great conversation with President Lenin Moreno of the Republic of Equador. We will be sending them desperately needed Ventilators of which we have recently manufactured many and helping them in other ways. They are fighting hard against CoronaVirus!,04-24-2020 14:56:51,170,743,false,1253699430819250176
Twitter for iPhone,Great conversation with President Lenin Moreno of the Republic if Equador. We will be sending them desperately needed Ventilators of which we have recently manufactured many and helping them in other ways. They are fighting hard against CoronaVirus!,04-24-2020 13:59:11,5271,23878,false,1253684917038452736
Twitter for iPhone,Getting VERY good reviews of the job the Federal Government is doing on CoronaVirus. Ventilators building hospitals beds and yes Testing have been handled incredibly well. Testing is getting exponentially better every day. Love seeing our Country safely opening up!,04-24-2020 13:38:16,21822,112039,false,1253679654734573570
Twitter for iPhone,RT @WhiteHouse: LIVE: Press Briefing with Coronavirus Task Force https://t.co/dCllm9QbNQ,04-23-2020 21:48:05,6239,0,true,1253440534439497729
Twitter for iPhone,Please study this closely. We saved many lives with our fast action on CoronaVirus! https://t.co/IKtkciXEEO,04-23-2020 12:16:41,25454,83766,false,1253296736589807619
Twitter for iPhone,RT @WhiteHouse: LIVE: Press Briefing with Coronavirus Task Force https://t.co/SB1Rg3e3v4,04-22-2020 22:09:37,6892,0,true,1253083564238942211
Twitter for iPhone,CDC Director was totally misquoted by Fake News @CNN on Covid 19. He will be putting out a statement.,04-22-2020 14:17:08,26206,115897,false,1252964659960971265
Twitter for iPhone,‚ÄúEconomic impact of Covid-19.‚Äù @foxandfriends Very interesting analysis. Light at the end of the tunnel. Thank you!,04-22-2020 10:50:19,14475,75526,false,1252912612821667840
Twitter for iPhone,RT @Scavino45: ‚ÄúMemorandum on Providing Continued Federal Support for Governors‚Äô Use of the National Guard to Respond to COVID-19 and to Fa‚Ä¶,04-22-2020 10:46:49,6917,0,true,1252911730239340544
Twitter for iPhone,RT @RepLeeZeldin: Had a great meeting w/ @realDonaldTrump today @WhiteHouse to discuss the ongoing response to COVID-19. Grateful for the p‚Ä¶,04-22-2020 10:46:10,6645,0,true,1252911569001951233
Twitter for iPhone,RT @WhiteHouse: LIVE: Press Briefing with Coronavirus Task Force https://t.co/IeIElzruLM,04-21-2020 21:46:26,4899,0,true,1252715340993306624
Twitter for iPhone,....to State/Local Governments for lost revenues from COVID 19 much needed Infrastructure Investments for Bridges Tunnels Broadband Tax Incentives for Restaurants Entertainment Sports and Payroll Tax Cuts to increase Economic Growth.,04-21-2020 16:49:12,13612,61589,false,1252640539574448128
Twitter for iPhone,RT @JimInhofe: Our farmers and ranchers are instrumental to Oklahoma‚Äôs economy and they‚Äôve been hit hard by #COVID19. This funding will bri‚Ä¶,04-21-2020 04:20:51,6829,0,true,1252452210216140801
Twitter for iPhone,RT @WhiteHouse: LIVE: Press Briefing with Coronavirus Task Force https://t.co/4Wx0XDkiAK,04-20-2020 23:28:45,6837,0,true,1252378702601543681
Twitter for iPhone,RT @WhiteHouse: LIVE: Press Briefing with Coronavirus Task Force https://t.co/RtYrCYTQyI,04-19-2020 22:25:08,8800,0,true,1252000303697756160
Twitter for iPhone,‚ÄúOn February 19th there was a Democratic Debate in Las Vegas. Three words weren‚Äôt said: Virus CoronaVirus or COVID19. NEVER came up!‚Äù @BretBaier,04-19-2020 19:18:05,32108,110769,false,1251953233184149504
Twitter for iPhone,RT @RepLeeZeldin: While @realDonaldTrump believes the enemy is coronavirus @SpeakerPelosi believes the enemy is Pres Trump. In order to de‚Ä¶,04-19-2020 18:11:27,8178,0,true,1251936465736646658
Twitter for iPhone,RT @kimguilfoyle: ‚ÄúIn responding to the outbreak of coronavirus across the country every level of government has worked together. Reopenin‚Ä¶,04-19-2020 18:08:54,5799,0,true,1251935823697674240
Twitter for iPhone,RT @WhiteHouse: LIVE: Press Briefing with Coronavirus Task Force https://t.co/nurNOvlZjJ,04-18-2020 21:09:33,8538,0,true,1251618897528328192
Twitter for iPhone,RT @paulsperry_: BREAKING: New daily cases of COVID-19 in both U.S. and N.Y. have peaked and trend-line now rolling over,04-18-2020 18:58:10,5734,0,true,1251585830843490310
Twitter for iPhone,RT @paulsperry_: BREAKING: Adjusted for population U.S. COVID-19 deaths (fatalities per million) are lower than every Western European cou‚Ä¶,04-18-2020 18:56:26,14646,0,true,1251585395378323457
Twitter for iPhone,....Example! V.P. Mike Pence held a conference call yesterday with all Democrat Senators. He gave them everything that they would have wanted to hear in terms of gaining ground on the CoronaVirus but nothing that anyone could have said including ‚Äúit‚Äôs over‚Äù could have made....,04-18-2020 17:20:28,15966,68949,false,1251561244106141697
Twitter for iPhone,RT @GrassleyPress: The livelihood of many Americans are on the line during the #coronavirus pandemic.Last week @SenateDems blocked addit‚Ä¶,04-18-2020 16:22:42,4726,0,true,1251546709613785091
Twitter for iPhone,RT @SenJohnKennedy: Congress could pass clean #coronavirus relief bills . . . if Speaker Pelosi would agree to it. Right now though Dem‚Ä¶,04-18-2020 16:08:34,6529,0,true,1251543150079938562
Twitter for iPhone,RT @SenatorTimScott: As our nation faces an unprecedented crisis in responding to the #COVID19 #coronavirus pandemic it is critical that w‚Ä¶,04-18-2020 16:04:27,3059,0,true,1251542115768848384
Twitter for iPhone,Spending the morning speaking to @fema and Military relative to CoronaVirus. Also spoke to leaders of various countries including Poland South Korea and Bahrain. Last night had a very gold conversation with the President of Mexico on numerous topics. Border is very strong!,04-18-2020 15:51:25,16594,80086,false,1251538837328797699
Twitter for iPhone,RT @charliekirk11: In January The WHO tweeted that China found no evidence of human-to-human transmission of COVID-19This was a Chinese‚Ä¶,04-18-2020 03:42:51,13476,0,true,1251355484659109895
Twitter for iPhone,RT @WhiteHouse: LIVE: Press Briefing with Coronavirus Task Force https://t.co/2cfwNTvpNX,04-17-2020 22:22:30,6941,0,true,1251274866139058179
Twitter for iPhone,Why did the W.H.O. Ignore an email from Taiwanese health officials in late December alerting them to the possibility that CoronaVirus could be transmitted between humans? Why did the W.H.O. make several claims about the CoronaVirus that ere either inaccurate or misleading....,04-17-2020 13:20:29,87840,309916,false,1251138462968922119
Twitter for iPhone,RT @WhiteHouse: LIVE: Press Briefing with Coronavirus Task Force https://t.co/NB3LRIZHI7,04-16-2020 22:07:00,9293,0,true,1250908580192100352
Twitter for iPhone,RT @WhiteHouse: To date more than 3.3 million Coronavirus tests have been completed and 48 different tests have been authorized. https://t‚Ä¶,04-15-2020 22:51:14,9130,0,true,1250557321039790080
Twitter for iPhone,RT @TrumpWarRoom: Media keep asking what the Trump Administration was doing in February to combat the coronavirus after restricting travel‚Ä¶,04-14-2020 01:00:56,22046,0,true,1249865186858672130
Twitter for iPhone,RT @WhiteHouse: LIVE: Press Briefing with Coronavirus Task Force https://t.co/IoHRJuAFbT,04-13-2020 21:50:14,10008,0,true,1249817194697035776
Twitter for iPhone,Having been involved in the negotiations to put it mildly the number that OPEC+ is looking to cut is 20 Million Barrels a day not the 10 Million that is generally being reported. If anything near this happens and the World gets back to business from the Covid 19.....,04-13-2020 13:31:19,23603,113299,false,1249691637040795654
Twitter for iPhone,RT @David_Bossie: New digital ad up in battleground states today highlighting @realDonaldTrump strong leadership combating the coronavirus‚Ä¶,04-13-2020 00:52:50,11750,0,true,1249500761505124352
Twitter for iPhone,RT @ChuckRossDC: Scott Gottlieb says @WHO enabled China's obfuscation on coronavirus and that it could have been containable had Beijing n‚Ä¶,04-12-2020 22:17:41,8239,0,true,1249461717094019072
Twitter for iPhone,Great businessman &amp; philanthropist Bernie Marcus Co-Founder of Home Depot said that Congress was too distracted by the (phony) Impeachment Witch Hunt when they should have been investigating  CoronaVirus when it first appeared in China. Media played a big roll also!@dcexaminer,04-12-2020 16:14:52,31714,145472,false,1249370410422095872
Twitter for iPhone,Great businessman &amp; philanthropist Bernies Marcus Co-Founder of Home Depot said that Congress was too distracted by the (phony) Impeachment Witch Hunt when they should have been investigating  CoronaVirus when it first appeared in China. Media played a big roll also!@dcexaminer,04-12-2020 16:10:38,1987,1,false,1249369344540377089
Twitter for iPhone,RT @FLOTUS: On the eve of #Easter let us remember the ones who lost their lives to COVID19. Please try to connect w/ family friends &amp; lov‚Ä¶,04-12-2020 00:37:32,14991,0,true,1249134521636847616
Twitter for iPhone,So now the Fake News @nytimes is tracing the CoronaVirus origins back to Europe NOT China. This is a first! I wonder what the Failing New York Times got for this one? Are there any NAMED sources? They were recently thrown out of China like dogs and obviously want back in. Sad!,04-11-2020 23:34:58,43212,176139,false,1249118778404765696
Twitter for iPhone,So now the Fake News @nytimes is tracing the CoronaVirus origins back to Europe NOT China. This is a first! I wonder where the Failing New York Times got for this one? Are there any NAMED sources? They were recently thrown out of China like dogs and obviously want back in. Sad!,04-11-2020 22:27:01,8950,30643,false,1249101675509370882
Twitter for iPhone,So now the Fake News @nytimes is tracing the CoronaVirus origins back to Europe NOT China. This is a first! I wonder what the Failing New York Times got for this one? Are there any NAMED sources? They were recently thrown out of China like dogs and obviously want back in. Sad!,04-11-2020 22:22:58,953,3197,false,1249100658692648962
Twitter for iPhone,RT @WhiteHouse: LIVE: Press Briefing with Coronavirus Task Force https://t.co/OtJWAa9yHo,04-10-2020 17:53:07,8434,0,true,1248670360507121665
Twitter for iPhone,RT @SaraCarterDC: WHO Director Says Politicizing COVID19 Leads To 'body bags' But He Was Accused Of Covering Up Epidemics In Ethiopia ht‚Ä¶,04-10-2020 12:37:34,14845,0,true,1248590947019096064
Twitter for iPhone,RT @GreggJarrett: Coronavirus Crisis ‚Äì Americans Fear the Lockdown More Than The Virus https://t.co/hVDzBPypAQ,04-10-2020 12:34:30,7890,0,true,1248590177259446277
Twitter for iPhone,RT @zeusFanHouse: #Trump #Coronavirus Campaign Ad Features Joe Biden Cheerleading for China‚ÄúDuring America‚Äôs #crisisBiden protected #Chi‚Ä¶,04-10-2020 12:29:51,10422,0,true,1248589007329595392
Twitter for iPhone,RT @cybergenica: Trump vows coronavirus-ravaged economy will 'bounce' back https://t.co/6r0LJknEY5 #FoxNews #CNN #MSNBC,04-10-2020 12:19:41,4976,0,true,1248586447231299584
Twitter for iPhone,RT @cybergenica: Macron faces calls to allow wider use hydroxychloroquine in coronavirus fight: report https://t.co/APZk7159k0 #FoxNews #CN‚Ä¶,04-10-2020 12:19:28,5848,0,true,1248586394311761920
Twitter for iPhone,RT @KimStrassel: The World Health Organization‚Äôs bows to China have harmed the global response to the coronavirus.  https://t.co/uC0kgXFCK9‚Ä¶,04-10-2020 05:19:17,10919,0,true,1248480650199306242
Twitter for iPhone,RT @FrancisBrennan: What is Joe Biden doing with his hand here?It looks like Biden‚Äôs teleprompter went down during his coronavirus press‚Ä¶,04-10-2020 05:04:37,4541,0,true,1248476961933938688
Twitter for iPhone,RT @FLOTUS: As the CDC continues to study the spread of the COVID-19 they recommend people wear cloth face coverings in public settings wh‚Ä¶,04-10-2020 05:00:26,15107,0,true,1248475906001125379
Twitter for iPhone,RT @JuddPDeere45: .@realDonaldTrump and @senatemajldr are fighting to help small businesses across this country. #COVID19 #AmericaWorksToge‚Ä¶,04-10-2020 04:53:42,3897,0,true,1248474211187707904
Twitter for iPhone,RT @WhiteHouse: LIVE: Press Briefing with Coronavirus Task Force https://t.co/38GuIW79Gh,04-09-2020 22:23:42,5763,0,true,1248376066143481862
Twitter for iPhone,.@OANN  A key CoronaVirus Model is now predicting far fewer deaths than the number shown in earlier models. That‚Äôs because the American people are doing a great job. Social Distancing etc. Keep going!,04-09-2020 15:08:05,31291,182657,false,1248266439582244866
Twitter for iPhone,RT @WhiteHouse: LIVE: Press Briefing with Coronavirus Task Force https://t.co/jgENbi406M,04-08-2020 21:47:27,6864,0,true,1248004556434235393
Twitter for iPhone,RT @AP: The last restrictions on movement have been lifted in the central Chinese city where the coronavirus pandemic began. People are goi‚Ä¶,04-08-2020 12:25:58,5136,0,true,1247863254526951425
Twitter for iPhone,RT @WhiteHouse: LIVE: Press Briefing with Coronavirus Task Force https://t.co/kszgnReztL,04-07-2020 21:43:22,7494,0,true,1247641140507049986
Twitter for iPhone,RT @WhiteHouse: LIVE: Press Briefing with Coronavirus Task Force https://t.co/Noma8NXmag,04-06-2020 21:42:02,8197,0,true,1247278416195452928
Twitter for iPhone,RT @KatrinaPierson: Starting TONIGHT! @TeamTrump #WarRoomWeeklyFollowing the @realDonaldTrump Covid-19 update!! #KAG2020 üá∫üá∏,04-06-2020 13:18:01,5415,0,true,1247151576382349318
Twitter for iPhone,RT @yaneerbaryam: BREAKING: Coronavirus Outbreak. Good news on multiple frontsUS today now at 23373 yesterday at this time was 30571.‚Ä¶,04-06-2020 12:45:16,12910,0,true,1247143336370151424
Twitter for iPhone,For humanitarian reasons the passengers from the two CoronaVirus stricken cruise ships have been given medical treatment and when appropriate allowed to disembark under strict supervision. Very carefully done. People we‚Äôre dying &amp; no other countries would allow them to dock!,04-06-2020 11:49:57,16025,78381,false,1247129414485397504
Twitter for iPhone,I will be having a White House CoronaVirus Task Force meeting in a short while. May or may not do a News Conference after the meeting depending on new information. Talks &amp; meetings today are proving promising but a rough two weeks are coming up!,04-05-2020 19:30:11,19568,92363,false,1246882848872726529
Twitter for iPhone,RT @ScottGottliebMD: Parts of Florida including Miami are becoming a major epicenter of #COVID19 spread; with cases doubling every 3.5 to‚Ä¶,04-05-2020 16:21:14,5558,0,true,1246835297771491331
Twitter for iPhone,RT @ScottGottliebMD: Encouraging signs #COVID19 spread may be slowing in many cities especially northeast. Mitigation is working. New case‚Ä¶,04-05-2020 16:21:03,4790,0,true,1246835249323139073
Twitter for iPhone,RT @OANN: Santilli: ‚ÄòI credit my life being saved‚Äô to President Trump and COVID-19... https://t.co/yuBWVMhhLb #OANN,04-05-2020 02:35:54,5443,0,true,1246627594629455874
Twitter for iPhone,RT @OANN: Hydroxychloroquine proving an effective treatment for coronavirus patien... https://t.co/L3imNmv1ua #OANN @PearsonSharp,04-05-2020 02:35:52,7899,0,true,1246627587289382918
Twitter for iPhone,RT @TeamTrump: Throughout the #Coronavirus Crisis most of the media is doing what they do best: Looking bad.President @realDonaldTrump i‚Ä¶,04-05-2020 02:26:36,8836,0,true,1246625252731478018
Twitter for iPhone,RT @WhiteHouse: LIVE: Press Briefing with Coronavirus Task Force https://t.co/1hZPOGtyl9,04-04-2020 20:14:26,7750,0,true,1246531593822449667
Twitter for iPhone,America owes our very hard working food supply workers so much as they produce and deliver high quality food for us during this horrible COVID-19. Join me in thanking our Farmers Ranchers Processors Distributors and Stores! @JohnBoozman,04-04-2020 19:10:23,28405,152485,false,1246515478908076034
Twitter for iPhone,RT @jsolomonReports: Hydroxychloroquine rated top drug by doctors on front line of COVID-19 who also fear a second wave https://t.co/Gk9ixz‚Ä¶,04-04-2020 15:25:06,11380,0,true,1246458783548702726
Twitter for iPhone,RT @jsolomonReports: Trump makes more recommendations for nursing homes where deadly coronavirus spread rapidly https://t.co/Dzeq5A6Pi1,04-04-2020 15:21:56,4484,0,true,1246457985183907849
Twitter for iPhone,RT @jsolomonReports: Trump names White House lawyer to be watchdog over coronavirus bailout money https://t.co/7ajl4T3tny,04-04-2020 15:21:07,6992,0,true,1246457779138760705
Twitter for iPhone,RT @IWF: ü§¶‚Äç‚ôÄÔ∏è @SpeakerPelosi is setting up a NEW House committee to investigate President Trump in the midst of the #COVID19 pandemic. Ju‚Ä¶,04-04-2020 15:13:44,4883,0,true,1246455923301928961
Twitter for iPhone,RT @LisaMarieBoothe: My latest colum for @thehill. How deadly is the coronavirus?  https://t.co/D22SPpORV5,04-04-2020 15:12:55,4422,0,true,1246455716329766912
Twitter for iPhone,RT @IvankaTrump: My OpEd on how we are supporting America‚Äôs great small businesses and workers during the #COVID19 health care crisis: http‚Ä¶,04-04-2020 13:28:32,6718,0,true,1246429447726694405
Twitter for iPhone,RT @Surgeon_General: #TogetherApart we can slow the spread of #COVID19. https://t.co/8JIBxQFpjv,04-04-2020 13:24:36,3054,0,true,1246428457774583808
Twitter for iPhone,RT @WhiteHouse: Our hearts go out to the communities hardest hit by the Coronavirus‚Äîand we salute the great medical professionals on the fr‚Ä¶,04-03-2020 23:50:50,7287,0,true,1246223667236872192
Twitter for iPhone,RT @WhiteHouse: LIVE: Press Briefing with Coronavirus Task Force https://t.co/hNZ4Y7sEUl,04-03-2020 21:24:59,6799,0,true,1246186961401978880
Twitter for iPhone,RT @SBAgov: #COVID19 UPDATE: Small businesses can now apply for the #PaycheckProtectionProgram. The program is designed to keep small busin‚Ä¶,04-03-2020 16:45:10,5770,0,true,1246116544503001088
Twitter for iPhone,RT @WhiteHouse: LIVE: Press Briefing with Coronavirus Task Force https://t.co/L80j4W1c8O,04-02-2020 21:23:06,8009,0,true,1245824101597327360
Twitter for iPhone,RT @WhiteHouse: ‚ÄúWe're at war with COVID-19 we're at war with terrorists and we are at war with the drug cartels . . . We're the United S‚Ä¶,04-01-2020 23:23:15,20209,0,true,1245491949274124288
Twitter for iPhone,RT @WhiteHouse: We are fighting the Coronavirus on every possible front‚Äîand we will achieve total victory with the help of the American peo‚Ä¶,04-01-2020 23:22:59,9063,0,true,1245491882383286277
Twitter for iPhone,30 DAYS TO SLOW THE SPREAD#COVID„Éº19 https://t.co/p9j7kZsD7b https://t.co/RSUHRfT8If,03-31-2020 23:49:05,20180,72000,false,1245136063187869698
Twitter for iPhone,RT @WhiteHouse: LIVE: Press Briefing with Coronavirus Task Force https://t.co/CurosT0chF,03-31-2020 21:30:54,9147,0,true,1245101287349288966
Twitter for iPhone,RT @kayleighmcenany: BOOM: @realDonaldTrump obliterates CNN ‚¨áÔ∏è"I want to keep the country calm."The coronavirus "will go away.""We're‚Ä¶,03-31-2020 15:10:19,11662,0,true,1245005512367910913
Twitter for iPhone,RT @Scavino45: üö®@Ford to produce 50000 ventilators in Michigan in next 100 days; partnering with @GEHealthcare#COVID19 #COVID19Updatesht‚Ä¶,03-31-2020 15:00:33,5620,0,true,1245003052467261441
Twitter for iPhone,RT @RepMattGaetz: Our doctors and healthcare professionals are on the front lines of the coronavirus pandemic. Our prayers are with you as‚Ä¶,03-31-2020 14:56:54,5540,0,true,1245002132857794561
Twitter for iPhone,RT @WhiteHouse: LIVE: Press Briefing with Coronavirus Task Force https://t.co/MLnQHuBDwj,03-30-2020 21:13:25,8570,0,true,1244734499675672578
Twitter for iPhone,RT @DeptofDefense: LIVE: #USNSComfort arrives in New York in support of the DOD‚Äôs #COVID19 response efforts. (no sound) https://t.co/fajV9T‚Ä¶,03-30-2020 16:56:34,9754,0,true,1244669862514917381
Twitter for iPhone,RT @GOPChairwoman: FEMA and @realDonaldTrump‚Äôs administration are making sure we have the supplies we need to confront coronavirus. https:/‚Ä¶,03-30-2020 11:19:25,8189,0,true,1244585014806921217
Twitter for iPhone,RT @WhiteHouse: LIVE: Press Briefing with Coronavirus Task Force https://t.co/io9HpU9q2o,03-29-2020 21:44:33,10583,0,true,1244379945641656322
Twitter for iPhone,‚ÄúPresident Trump is a ratings hit. Since reviving the daily White House briefing Mr. Trump and his coronavirus updates have attracted an average audience of 8.5 million on cable news roughly the viewership of the season finale of ‚ÄòThe Bachelor.‚Äô Numbers are continuing to rise...,03-29-2020 17:48:36,24858,126443,false,1244320570315018240
Twitter for iPhone,RT @Battelle: Coronavirus In Ohio: @Battelle Pioneers Technology To Clean And Reuse PPE | @WOSU Radiohttps://t.co/qE1SFhofW4,03-29-2020 15:13:42,4151,0,true,1244281588193648642
Twitter for iPhone,RT @VaticanNews: #PopeFrancis delivers an extraordinary blessing ‚ÄúTo the City and to the World‚Äù to pray for an end to the Covid-19 #coronav‚Ä¶,03-29-2020 14:48:35,5129,0,true,1244275266127564805
Twitter for iPhone,RT @CDCDirector: Domestic Travel Advisory: Due to extensive community transmission of #COVID19 in New York New Jersey and Connecticut CD‚Ä¶,03-29-2020 03:28:17,7348,0,true,1244104061076606979
Twitter for iPhone,On the recommendation of the White House CoronaVirus Task Force and upon consultation with the Governor‚Äôs of New York New Jersey and Connecticut I have asked the @CDCgov to issue a strong Travel Advisory to be administered by the Governors in consultation with the....,03-29-2020 00:19:25,23918,109932,false,1244056534583312384
Twitter for iPhone,RT @USNavy: "We will stop at nothing to protect the people of our country." - @POTUS #COVID19 #USNavyAlwaysThere https://t.co/BMoZwIjVrz,03-28-2020 22:24:03,16289,0,true,1244027498750529536
Twitter for iPhone,RT @TeamTrump: President @realDonaldTrump signs coronavirus relief CARES Act! https://t.co/Ine2eOONs2,03-28-2020 04:48:23,8009,0,true,1243761834131406848
Twitter for iPhone,RT @USNavy: Answering the call it's what we do. #USNSMercy Arrives in Los Angeles in #COVID19 response - https://t.co/lPkSZd4JLH https:/‚Ä¶,03-28-2020 02:30:59,10287,0,true,1243727255911743488
Twitter for iPhone,RT @alx: How is that any different than what Hannity has said?Neither said anything wrong. They did not call Coronavirus a Hoax or Scam‚Ä¶,03-28-2020 00:56:44,5586,0,true,1243703536900243456
Twitter for iPhone,RT @alx: FOX Business Network Fires @trish_regan for Telling the Truth About How Liberal Media Was Using Coronavirus to Take Down Trump -‚Ä¶,03-28-2020 00:55:50,12683,0,true,1243703309216690176
Twitter for iPhone,RT @SenateGOP: üö® Help is on the way. üö®President @realdonaldtrump just SIGNED the Coronavirus Aid Relief &amp; Economic Security Act into law‚Ä¶,03-27-2020 20:39:16,7192,0,true,1243638744131010561
Twitter for iPhone,RT @SECNAV: Today #USNSMercy arrived @PortofLA to serve as a referral hospital for patients not infected with #COVID19 - handling overflow‚Ä¶,03-27-2020 18:33:07,11196,0,true,1243606997334982656
Twitter for iPhone,RT @WhiteHouse: Huge thanks to @Apple! Together with the White House @CDCgov &amp; @fema Apple launched a COVID19 screening tool that guides‚Ä¶,03-27-2020 17:51:36,9893,0,true,1243596547754991619
Twitter for iPhone,Just finished a very good conversation with President Xi of China. Discussed in great detail the CoronaVirus that is ravaging large parts of our Planet. China has been through much &amp; has developed a strong understanding of the Virus. We are working closely together. Much respect!,03-27-2020 05:19:02,51444,337056,false,1243407157321560071
Twitter for iPhone,RT @WhiteHouse: LIVE: Press Briefing with Coronavirus Task Force https://t.co/Z8tK225cN6,03-26-2020 21:27:44,8560,0,true,1243288552697401344
Twitter for iPhone,RT @DanScavino: #WashYourHands #SlowTheSpread#COVID„Éº19üåêhttps://t.co/dtE12cgFxs https://t.co/nXLoa9kmNY,03-25-2020 12:15:30,11797,0,true,1242787188850528257
Twitter for iPhone,RT @LouDobbs: ‚Å¶Real leadership: @realDonaldTrump‚Å© says there's 'light at the end of the tunnel' as White House pitches $6T coronavirus stim‚Ä¶,03-25-2020 11:17:25,5497,0,true,1242772572489560064
Twitter for iPhone,RT @WhiteHouse: LIVE: Press Briefing with Coronavirus Task Force https://t.co/wSJapMcrkl,03-24-2020 21:44:04,8320,0,true,1242567884813017090
Twitter for iPhone,RT @USNavy: Underway - Steaming to Assist!#USNSMercy departs Naval Base San Diego in support of the nation's #COVID19 response efforts. R‚Ä¶,03-24-2020 21:42:37,11005,0,true,1242567522886586368
Twitter for iPhone,RT @NanHayworth: Hey @TheDemocrats what does the Kennedy Center have to do with COVID-19?Asking for 327 million friends,03-24-2020 11:42:02,14230,0,true,1242416380298907649
Twitter for iPhone,RT @AndrewCMcCarthy: Our experience suggests that hydroxychloroquine should be a first-line treatment for Covid-19. We can use it to save l‚Ä¶,03-24-2020 04:10:05,9200,0,true,1242302644498108416
Twitter for iPhone,The Hill/HarrisX: 61% to 39% Approval Rating on handling of Coronavirus situation. Thank you!,03-24-2020 03:43:45,14445,72652,false,1242296014633086976
Twitter for iPhone,RT @JudiciaryGOP: A climate change study on aviation to combat #COVID„Éº19? Is this a joke @SpeakerPelosi?  How does that help average Ame‚Ä¶,03-24-2020 02:30:04,15397,0,true,1242277474580520961
Twitter for iPhone,RT @WhiteHouse: LIVE: Press Briefing with Coronavirus Task Force https://t.co/Ciwe6T4Dr2,03-23-2020 22:11:48,8998,0,true,1242212479637360640
Twitter for iPhone,A great early result from a drug that will start tomorrow in New York and other places! #COVID„Éº19 https://t.co/4F4Qk4WFtK,03-23-2020 16:05:53,57014,177574,false,1242120391054757900
Twitter for iPhone,RT @SecGeneScalia: .@POTUS signed the bipartisan Families First Coronavirus Response Act last night to support Americans affected by COVID-‚Ä¶,03-23-2020 12:47:09,8070,0,true,1242070379184697347
Twitter for iPhone,RT @KamVTV: MSNBC at Coronavirus presser: You were not prepared in beginning of outbreak of virus. Trump: In the beginning when I halted‚Ä¶,03-23-2020 12:41:01,20576,0,true,1242068833189462017
Twitter for iPhone,RT @RandPaul: Senator Rand Paul has tested positive for COVID-19. He is feeling fine and is in quarantine. He is asymptomatic and was teste‚Ä¶,03-23-2020 12:32:55,19826,0,true,1242066796598919170
Twitter for iPhone,RT @DonaldJTrumpJr: WHO Spread False Chinese Government Propaganda: Coronavirus Not Contagious Among Humans  https://t.co/Wf0NpA9o7t,03-23-2020 12:24:23,17346,0,true,1242064648070991872
Twitter for iPhone,RT @WhiteHouse: .@FEMA_Pete: FEMA is providing critical support to the Coronavirus response efforts of state local and tribal governments‚Ä¶,03-23-2020 00:38:25,5506,0,true,1241886986455130113
Twitter for iPhone,RT @WhiteHouse: LIVE: Press Briefing with Coronavirus Task Force https://t.co/bPsEAcwjwb,03-22-2020 21:56:28,9368,0,true,1241846230994558978
Twitter for iPhone,RT @senatemajldr: Senate Republicans‚Äô proposal the Coronavirus Aid Relief and Economic Security Act will get cash assistance in the han‚Ä¶,03-22-2020 13:34:18,6681,0,true,1241719854752768000
Twitter for iPhone,RT @senatemajldr: The past two days of intense bipartisan talks are very close to a resolution. An update on the Coronavirus Aid Relief &amp;‚Ä¶,03-22-2020 13:27:04,3839,0,true,1241718037839052801
Twitter for iPhone,RT @GOPChairwoman: Together we will win this war against coronavirus.  ‚ÄúThis has been a week of national action and of great national sol‚Ä¶,03-22-2020 10:27:05,5512,0,true,1241672743193645056
Twitter for iPhone,RT @HeyPeggyGG: @TeamCavuto @ltgrusselhonore Coronavirus or no coronavirus Preident @realDonaldTrump hands down should be re-elected based‚Ä¶,03-22-2020 10:17:44,3283,0,true,1241670387341066242
Twitter for iPhone,RT @TeamCavuto: .@SenJohnKennedy to guest host @cvpayne: Our economy is going to take a short-term hit from the COVID-19 outbreak but I do‚Ä¶,03-22-2020 10:12:33,2502,0,true,1241669084791615488
Twitter for iPhone,RT @Judgenap: Maintaining Freedom in America During Coronavirus Madnesshttps://t.co/gxUMEp0CU9,03-22-2020 10:10:53,2563,0,true,1241668665583513600
Twitter for iPhone,RT @Varneyco: The Trump Administration is considering providing direct financial relief to individuals affected by the #coronavirus. Former‚Ä¶,03-22-2020 10:09:57,2845,0,true,1241668429943320576
Twitter for iPhone,RT @MariaBartiromo: Why Tom Cotton and Others Are Right To Question Where Coronavirus Started | The National Interest ‚Å¶@SundayFutures‚Å© ‚Å¶@Fo‚Ä¶,03-22-2020 10:03:58,4001,0,true,1241666926201446406
Twitter for iPhone,RT @Scavino45: A MESSAGE FROM @StateDept @SecPompeo. #COVID19 üåêhttps://t.co/s6BGagG63Jüåêhttps://t.co/EBuzMFrvICüåêhttps://t.co/sWQ2wQNxtC‚Ä¶,03-22-2020 10:00:38,4685,0,true,1241666084362747905
Twitter for iPhone,RT @SenatorLankford: Remember the best places to stay up to date with the latest #COVID19 developments: @WhiteHouse @CDCgov @healthyoklah‚Ä¶,03-22-2020 09:45:21,1145,0,true,1241662239897260032
Twitter for iPhone,RT @MikeCrapo: Over the past week blood centers throughout the country have experienced a significant drop in donations due to #COVID19. I‚Ä¶,03-22-2020 09:44:16,1362,0,true,1241661965912678400
Twitter for iPhone,RT @sendavidperdue: Appreciate the opportunity to talk with Georgia Hospital Association members about the #coronavirus response and how we‚Ä¶,03-22-2020 09:42:50,1131,0,true,1241661607274590208
Twitter for iPhone,RT @CVSHealth: .@cvspharmacy waiving charges for home delivery of prescription medications due to the COVID-19 pandemic. Learn more: https:‚Ä¶,03-22-2020 03:40:36,2809,0,true,1241570447344447488
Twitter for iPhone,RT @kayleighmcenany: If you &amp; CNN would have paid attention to the White House coronavirus briefing you would have the answer.‚ÄúWe have p‚Ä¶,03-22-2020 03:31:19,10936,0,true,1241568109481332736
Twitter for iPhone,RT @RyanAFournier: Fact:Under President Trump the process of getting a coronavirus vaccine into testing has occurred at one of the FASTE‚Ä¶,03-22-2020 03:20:20,12009,0,true,1241565348765347841
Twitter for iPhone,RT @MichaelCoudrey: Everyone who thinks coronavirus is harmless or doesn‚Äôt matter should rethink that opinion immediately.This is an extr‚Ä¶,03-21-2020 16:04:01,8685,0,true,1241395145070780416
Twitter for iPhone,RT @WhiteHouse: President @realDonaldTrump's early decisive travel restrictions slowed the Coronavirus' spread to our shores‚Äîand we are do‚Ä¶,03-20-2020 18:39:04,8368,0,true,1241071776530157568
Twitter for iPhone,RT @WhiteHouse: LIVE: Press Briefing with Coronavirus Task Force https://t.co/km5CdvLvGG,03-20-2020 15:50:53,9277,0,true,1241029454899621890
Twitter for iPhone,RT @SenShelby: The Senate remains in session this week working to pass monumental legislation to combat the Coronavirus &amp; help the American‚Ä¶,03-20-2020 04:43:32,3806,0,true,1240861506968977409
Twitter for iPhone,RT @JohnCornyn: Do you know the symptoms of #COVID19? Difficulty breathing persistent pain or pressure in the chest confusion bluish lip‚Ä¶,03-20-2020 04:43:20,5417,0,true,1240861459053248512
Twitter for iPhone,RT @SenHydeSmith: #Telehealth is a valuable tool to provide care &amp; protect people in this #COVID19pandemic. Pleased @realdonaldtrump &amp; task‚Ä¶,03-20-2020 04:43:10,3580,0,true,1240861417714089985
Twitter for iPhone,RT @SenCoryGardner: We need to provide real relief to American workers who have been impacted by #COVID19 and we need to do it right now.‚Ä¶,03-20-2020 04:42:07,3232,0,true,1240861150990012416
Twitter for iPhone,RT @SenatorRisch: üö®Attention Idaho small business ownersüö® If your business has been disrupted or impacted by coronavirus fill out a form w‚Ä¶,03-20-2020 04:39:12,2797,0,true,1240860417255264256
Twitter for iPhone,RT @MarshaBlackburn: ICYMI: This afternoon I held a Facebook town hall to discuss our response to the coronavirus. https://t.co/K3H2fP2xCz,03-20-2020 04:38:52,3112,0,true,1240860336074428416
Twitter for iPhone,RT @SenateGOP: "In the fight against the coronavirus the Trump administration is not just taking a whole of government approach but a who‚Ä¶,03-20-2020 04:38:28,3221,0,true,1240860233251131392
Twitter for iPhone,RT @ChuckGrassley: 2day the Senate is expected to vote on the bipartisan House bill to provide relief to workers affected by coronavirus I‚Äô‚Ä¶,03-20-2020 04:38:04,2702,0,true,1240860133338624000
Twitter for iPhone,RT @SenBillCassidy: We must stop the spread of #coronavirus. I support social distancing measures taken on the federal state and local l‚Ä¶,03-20-2020 04:30:54,2710,0,true,1240858331499110400
Twitter for iPhone,RT @senrobportman: Just voted to pass the Families First Coronavirus Response Act providing:- Free coronavirus testing- Paid sick leave‚Ä¶,03-20-2020 04:30:22,2825,0,true,1240858196421619713
Twitter for iPhone,RT @NBCNews: JUST IN: US Senate passes coronavirus relief bill that would provide for free coronavirus testing paid family and sick leave‚Ä¶,03-20-2020 04:29:21,3706,0,true,1240857939595931650
Twitter for iPhone,RT @SenFinance: Chairman @ChuckGrassley on the passage of the Families First Coronavirus Response Act:‚úì Increased paid sick leave‚úì Incr‚Ä¶,03-20-2020 04:28:51,2060,0,true,1240857815780073473
Twitter for iPhone,RT @GrassleyPress: BREAKING ‚Üí The Families First Coronavirus Response Act is heading to President @realDonaldTrump‚Äôs desk. https://t.co/po6‚Ä¶,03-20-2020 04:27:34,2135,0,true,1240857490365038593
Twitter for iPhone,RT @Scavino45: Last night in the Oval Office @POTUS @realDonaldTrump signed into law: H.R. 6201 the ‚ÄúFamilies First Coronavirus Response‚Ä¶,03-20-2020 04:24:44,3944,0,true,1240856775974424576
Twitter for iPhone,RT @SenateGOP: ‚úì SIGNED by @realDonaldTrumpThe Families First Coronavirus Response Act is now law.,03-20-2020 04:22:51,2938,0,true,1240856304551329792
Twitter for iPhone,RT @GrassleyPress: By working together and doing our part our country will get through #COVID19.+ Keep your distance from others+ Work‚Ä¶,03-20-2020 04:22:30,2049,0,true,1240856217246973952
Twitter for iPhone,RT @senatemajldr: The American people are strong. The American people will win this fight against the coronavirus.The Senate‚Äôs job is to‚Ä¶,03-20-2020 04:19:53,5154,0,true,1240855556522459137
Twitter for iPhone,RT @senatemajldr: The Coronavirus Aid Relief &amp; Economic Security Act proposes bold action on four urgent priorities:1. Direct financial‚Ä¶,03-20-2020 04:18:51,4088,0,true,1240855295557066752
Twitter for iPhone,America‚Äôs Private Sector is stepping up to help us be STRONG! Many of the Nation‚Äôs distillers large and small are producing and donating hand sanitizer to help fight #COVID19. THANK YOU! https://t.co/bcjKA9Janw,03-19-2020 22:23:48,20917,86794,false,1240765945968234496
Twitter for iPhone,RT @Surgeon_General: Everyone can do their part to respond to #COVID19. Part of preparedness is a robust blood supply. Please continue to #‚Ä¶,03-19-2020 18:01:56,5892,0,true,1240700043499204609
Twitter for iPhone,RT @WhiteHouse: LIVE: Press Briefing with Coronavirus Task Force https://t.co/uvFZaWbcME,03-19-2020 15:32:16,7881,0,true,1240662378670366722
Twitter for iPhone,RT @WhiteHouse: LIVE: Press Briefing with Coronavirus Task Force https://t.co/3WQV4egsWc,03-18-2020 16:08:19,10281,0,true,1240309065374457857
Twitter for iPhone,RT @CDCgov: Everyone can help prevent the spread of #COVID19. Call your doctor if you develop symptoms have been in close contact with a p‚Ä¶,03-18-2020 03:40:53,8242,0,true,1240120968988823554
Twitter for iPhone,RT @NIHDirector: #NIH has today launched a Phase 1 #clinicaltrial evaluating a vaccine candidate for #coronavirus #COVID19. This trial is e‚Ä¶,03-18-2020 03:40:33,8822,0,true,1240120882179256324
Twitter for iPhone,RT @NIH: Launched in record speed #NIH started enrollment for a Phase 1 #clinicaltrial of an investigational vaccine for #COVID19 for heal‚Ä¶,03-18-2020 03:40:19,5344,0,true,1240120825119936514
Twitter for iPhone,RT @nlm_news: The National Library of Medicine at #NIH is proud to be working with @WHOSTP and others to make #coronavirus-related data ava‚Ä¶,03-18-2020 03:39:55,3324,0,true,1240120723382898689
Twitter for iPhone,RT @NIHDirector: As part of the #NIH response to #COVID19 NIH‚Äôs @nlm_news is working with @WHOSTP and others to make #coronavirus-related‚Ä¶,03-18-2020 03:39:42,3246,0,true,1240120668043317250
Twitter for iPhone,RT @SteveFDA: Today FDA took two additional significant diagnostic actions during the #COVID19 outbreak by issuing two Emergency Use Autho‚Ä¶,03-18-2020 03:39:20,3227,0,true,1240120575156195329
Twitter for iPhone,RT @NIH: News: New #coronavirus stable for hours on surfaces https://t.co/TUrmn50ZSn #COVID19,03-18-2020 03:39:04,4437,0,true,1240120509989347329
Twitter for iPhone,RT @NIH: Thanks for your support following the launch of an investigational vaccine for #COVID19. We are proud of our hardworking #NIH comm‚Ä¶,03-18-2020 03:38:30,3607,0,true,1240120369123594242
Twitter for iPhone,RT @NIH: #COVID19 is an emerging rapidly evolving situation. Learn about the basics like symptoms &amp; what to do if you are sick; and see th‚Ä¶,03-18-2020 03:37:56,3181,0,true,1240120224818630660
Twitter for iPhone,RT @TIME: Officials said the president has authority to take such action during pandemics like the coronavirus outbreak https://t.co/F1hL6U‚Ä¶,03-18-2020 03:37:27,5692,0,true,1240120104135938060
Twitter for iPhone,RT @AjitPaiFCC: In wake of #Covid_19 outbreak telework remote learning and telehealth are key. We must ensure that Americans don't lose‚Ä¶,03-18-2020 03:34:47,3979,0,true,1240119430371295232
Twitter for iPhone,RT @SteveScalise: .@realDonaldTrump has taken decisive action to combat Coronavirus:‚Äì Stopped flights early‚Äì Partnered w/ the private se‚Ä¶,03-17-2020 19:18:18,14483,0,true,1239994487813877760
Twitter for iPhone,RT @HouseGOP: Follow these coronavirus guidelines from the @WhiteHouse to keep our families and communities safe:‚ñ™Ô∏è Practice Social Distan‚Ä¶,03-17-2020 19:17:30,4898,0,true,1239994286156001282
Twitter for iPhone,RT @senrobportman: Everyone of us has a critical role to play in slowing the spread of #coronavirus. ‚û°Ô∏è Wash your hands and practice good‚Ä¶,03-17-2020 19:16:26,3361,0,true,1239994016655163392
Twitter for iPhone,RT @BillCassidy: The White House Coronavirus Task Force and @realDonaldTrump announced new guidelines every American should follow to save‚Ä¶,03-17-2020 19:15:30,3546,0,true,1239993783338573824
Twitter for iPhone,RT @SenateCommerce: As you take precautions to avoid the #Coronavirus take steps to help prevent your devices from catching viruses too.‚Ä¶,03-17-2020 19:14:40,3234,0,true,1239993573409505282
Twitter for iPhone,RT @SeemaCMS: Through the 1135 waiver #Medicare beneficiaries who are at higher risk for #COVID19 will be able to receive a specific set‚Ä¶,03-17-2020 19:13:12,4075,0,true,1239993204784668672
Twitter for iPhone,RT @GovMurphy: We MUST #FlattenTheCurve of the spread of coronavirus. Social distancing closing schools limiting non-essential business‚Ä¶,03-17-2020 19:07:34,3998,0,true,1239991786145275904
Twitter for iPhone,RT @WVGovernor: Today we continued to take proactive steps as part of our ongoing preparations for #COVID19. We've been blessed in #WV to n‚Ä¶,03-17-2020 18:58:44,3103,0,true,1239989565240365058
Twitter for iPhone,RT @LouisianaGov: As Louisianans we must practice social distancing to slow the spread of COVID-19 flatten the curve and help keep everyo‚Ä¶,03-17-2020 18:58:06,3194,0,true,1239989402190954497
Twitter for iPhone,RT @GovernorKayIvey: .@POTUS just released further recommendations regarding #COVID19. Please help spread this important information. Remem‚Ä¶,03-17-2020 18:56:13,3276,0,true,1239988928716955648
Twitter for iPhone,RT @Mike_Pence: We‚Äôre asking every American to partner with us in the effort to combat the Coronavirus and be mindful of our vulnerable sen‚Ä¶,03-17-2020 18:36:46,6565,0,true,1239984033645371394
Twitter for iPhone,RT @Mike_Pence: All of our health experts agree you do not need the results of Coronavirus testing to know what you should do. Every Ameri‚Ä¶,03-17-2020 18:36:44,6674,0,true,1239984027764961280
Twitter for iPhone,RT @WhiteHouse: NEW: Medicare will dramatically expand telehealth services in response to the Coronavirus.Medicare patients can now visit‚Ä¶,03-17-2020 18:33:53,6512,0,true,1239983310220247042
Twitter for iPhone,RT @WhiteHouse: LIVE: Press Briefing with Coronavirus Task Force https://t.co/u2AZ7iT4Ob,03-17-2020 15:41:02,7775,0,true,1239939812800581632
Twitter for iPhone,RT @LindseyGrahamSC: President Trump‚Äôs decision to declare a national emergency over the #coronavirus pandemic is the right call.  It wil‚Ä¶,03-17-2020 12:24:20,7118,0,true,1239890309829611521
Twitter for iPhone,RT @CDCgov: Social distancing can help slow the spread of #COVID19 in affected communities. This means avoiding crowded places and maintain‚Ä¶,03-17-2020 12:22:47,7679,0,true,1239889917620162560
Twitter for iPhone,RT @AFP: #UPDATE The first human trial to evaluate a candidate vaccine against the new coronavirus has begun in Seattle US health official‚Ä¶,03-17-2020 03:46:38,10496,0,true,1239760027684081666
Twitter for iPhone,RT @kayleighmcenany: Sleepy Joe is SO CONFUSED. Joe has...- Called the coronavirus ‚ÄúSARS‚Äù- Called the coronavirus the ‚Äúswine flu‚Äù- Ca‚Ä¶,03-16-2020 05:00:13,16263,0,true,1239416156802482176
Twitter for iPhone,RT @Google_Comms: Statement from Verily: "We are developing a tool to help triage individuals for Covid-19 testing. Verily is in the early‚Ä¶,03-15-2020 18:09:26,11999,0,true,1239252379775709184
Twitter for iPhone,There will be a News Conference by the CoronaVirus Task Force today at the White House 5 P.M. @VP  We are working closely with the Governors of our Country‚Äôs great States which are a very big factor. They are working hard along with us to get the job properly done.....,03-15-2020 17:02:00,17163,73218,false,1239235409491767298
Twitter for iPhone,Just had a nice conversation with Prime Minister @JustinTrudeau of Canada. Great to hear that his wonderful wife Sophie is doing very well. The United States and Canada will continue to coordinate closely together on COVID-19.,03-14-2020 19:06:09,15236,94279,false,1238904264908582914
Twitter for iPhone,COVID-19 UPDATE https://t.co/xzSHlNiS9K,03-14-2020 17:54:49,13544,53325,false,1238886316013760519
Twitter for iPhone,Just finished a meeting on Covid-19 in the Situation Room news conference coming up shortly. https://t.co/JaNDpyMWjL https://t.co/x9lSEXjnea,03-14-2020 16:14:08,11234,51491,false,1238860976176467969
Twitter for iPhone,Attending meetings on Covid-19 in the White House. Working with States and local governments many of whom have done a great job. Full report latter!,03-14-2020 13:45:56,16309,98306,false,1238823680735612930
Twitter for iPhone,RT @RealCandaceO: Good news on the coronavirus you won‚Äôt find anywhere else:-China has closed down its last coronavirus hospital. Not eno‚Ä¶,03-14-2020 11:46:33,25444,0,true,1238793635879141381
Twitter for iPhone,Good teamwork between Republicans &amp; Democrats as the House passes the big CoronaVirus Relief Bill. People really pulled together. Nice to see!,03-14-2020 11:37:24,21946,146459,false,1238791333252399104
Twitter for iPhone,RT @GOPChairwoman: The @realDonaldTrump administration‚Äôs coronavirus response has delivered ‚Äúinnovative solutions‚Ä¶at unprecedented speed.‚Äù‚Ä¶,03-14-2020 04:56:02,8226,0,true,1238690325822128128
Twitter for iPhone,RT @TeamTrump: MUST READ: Joe Biden Plagiarizes President @realDonaldTrump‚Äôs #Coronavirus Plan!https://t.co/nr5uEjOJUt,03-14-2020 03:58:43,9025,0,true,1238675903791747073
Twitter for iPhone,RT @kayleighmcenany: Joe Biden just lied saying coronavirus tests should be in the millions not thousands. Has anyone told Joe that 1 m‚Ä¶,03-14-2020 03:58:07,20681,0,true,1238675751882326016
Twitter for iPhone,RT @SaraCarterDC: Trump Declares National Emergency Over Coronavirus Solutions Spur Wall Street Rally Incredible what can be done w/ rig‚Ä¶,03-14-2020 03:56:29,7414,0,true,1238675339854983169
Twitter for iPhone,I fully support H.R. 6201: Families First CoronaVirus Response Act which will be voted on in the House this evening. This Bill will follow my direction for free CoronaVirus tests and paid sick leave for our impacted American workers. I have directed....,03-14-2020 00:42:25,24754,119568,false,1238626501555298308
Twitter for iPhone,I will be having a news conference today at 3:00 P.M. The White House. Topic: CoronaVirus!,03-13-2020 14:55:34,29255,150487,false,1238478818135945216
Twitter for iPhone,To this point and because we have had a very strong border policy we have had 40 deaths related to CoronaVirus. If we had weak or open borders that number would be many times higher!,03-13-2020 14:52:59,30625,158720,false,1238478167695863817
Twitter for iPhone,RT @GOPChairwoman: Joe Biden has no ground to stand on politicizing coronavirus or attacking @realDonaldTrump.https://t.co/ps7dKDuPtg,03-13-2020 10:25:03,11460,0,true,1238410739695697920
Twitter for iPhone,RT @SenatorFischer: Today the Senate could have passed my bill w/ @SenatorSinema to address the shortage of respirators during this #COVID1‚Ä¶,03-13-2020 02:38:28,11418,0,true,1238293321577046016
Twitter for iPhone,RT @USATODAY: Viking Cruises cancels all cruises until May 1 due to coronavirus pandemic https://t.co/EGiOedfQx9,03-13-2020 01:34:05,4787,0,true,1238277115444891656
Twitter for iPhone,RT @BW: This German biotech company has made kits with 4 million coronavirus tests since the outbreak began https://t.co/KQczW0srBr,03-13-2020 00:35:33,8929,0,true,1238262388069208065
Twitter for iPhone,RT @SenateGOP: We're ALL in this together.And we can ALL do our part to help stop the spread of coronavirus.‚¨áÔ∏è Here's how ‚¨áÔ∏è https://t.‚Ä¶,03-12-2020 21:09:12,8277,0,true,1238210455207849993
Twitter for iPhone,108 countries are dealing with the CoronaVirus problem some of which we are helping!,03-12-2020 20:02:21,22609,139490,false,1238193633825882113
Twitter for iPhone,RT @CDCgov: Everyone can help prevent the spread of #COVID19. Call your doctor if you develop symptoms have been in close contact with a p‚Ä¶,03-12-2020 13:54:35,5938,0,true,1238101083303620608
Twitter for iPhone,RT @CDCtravel: #CDCTRAVELNOTICE: #Coronavirus in most of #Europe. CDC recommends avoiding all nonessential travel to most of Europe. More i‚Ä¶,03-12-2020 13:53:56,4496,0,true,1238100917586726913
Twitter for iPhone,RT @SeemaCMS: Thank you @Humana for your dedication to public health and safety as we work to stop #COVID19.,03-12-2020 13:52:04,3097,0,true,1238100450668417027
Twitter for iPhone,RT @SeemaCMS: Thanks @UnitedHealthGrp for helping ensure your communities have coverage for the #COVID19 testing and treatment they need.,03-12-2020 13:51:52,2807,0,true,1238100399049060353
Twitter for iPhone,RT @SeemaCMS: To ensure individuals who may be impacted by #COVID19 have access to care @CMSGov is encouraging states to utilize existing‚Ä¶,03-12-2020 13:51:19,2806,0,true,1238100260507049984
Twitter for iPhone,RT @SecAzar: Here are some simple steps that every American and community can take to help decrease the spread of the #coronavirus at work‚Ä¶,03-12-2020 13:51:02,4435,0,true,1238100187580686339
Twitter for iPhone,RT @HHSGov: Watch this video to learn how you can help prevent the spread of respiratory diseases like the novel #coronavirus (#COVID19). T‚Ä¶,03-12-2020 13:50:02,3961,0,true,1238099937411334145
Twitter for iPhone,RT @NIHDirector: How can the structure of a spike protein found on #coronavirus responsible for the #COVID-19 #outbreak help in its diagnos‚Ä¶,03-12-2020 13:49:18,3354,0,true,1238099754355167233
Twitter for iPhone,RT @CDCgov: Join CDC for a Twitter Q&amp;A on #COVID19. CDC Deputy Director for Infectious Diseases Dr. Jay Butler will answer questions abou‚Ä¶,03-12-2020 13:47:14,3325,0,true,1238099231770054656
Twitter for iPhone,RT @CDCgov: #Childcare Programs: Plan &amp; prepare for #COVID19 in your community:‚Ä¢ Review update &amp; implement emergency operations plans for‚Ä¶,03-12-2020 13:47:03,3258,0,true,1238099186022789121
Twitter for iPhone,RT @CDCgov: Older adults &amp; people with a severe chronic medical condition: Prepare in advance for the possibility of a #COVID19 outbreak in‚Ä¶,03-12-2020 13:46:53,6778,0,true,1238099144872525825
Twitter for iPhone,RT @ChadPergram: Trump says SBA will provide capital/liquidity to firms impacted by coronavirus. Will provide low interest loans,03-12-2020 13:43:41,3244,0,true,1238098341210148864
Twitter for iPhone,RT @JenniferJJacobs: Trump‚Äôs new coronavirus travel prohibitions will not apply to the trade and cargo that flow between Europe and the Uni‚Ä¶,03-12-2020 13:40:37,3261,0,true,1238097569403764737
Twitter for iPhone,RT @ScottGottliebMD: We updated our data on total #coronavirus testing capacity in U.S. Remember our figures for total capacity do not ref‚Ä¶,03-12-2020 13:29:22,3319,0,true,1238094736931651585
Twitter for iPhone,RT @ScottGottliebMD: From @FaceTheNation on #COVID19. The next few months will be hard. We'll get through this. Ultimately we'll have a tre‚Ä¶,03-12-2020 13:28:05,2975,0,true,1238094412145741824
Twitter for iPhone,RT @RyanAFournier: 77% of Americans are confident in the Trump Administration‚Äôs ability to handle the coronavirus.Just 58% of Americans w‚Ä¶,03-12-2020 09:54:44,14314,0,true,1238040722391150592
Twitter for iPhone,The Media should view this as a time of unity and strength. We have a common enemy actually an enemy of the World the CoronaVirus. We must beat it as quickly and safely as possible. There is nothing more important to me than the life &amp; safety of the United States!,03-11-2020 22:04:26,49526,254549,false,1237861968721010689
Twitter for iPhone,I am fully prepared to use the full power of the Federal Government to deal with our current challenge of the CoronaVirus!,03-11-2020 19:18:35,28409,156489,false,1237820230296010752
Twitter for iPhone,I want to thank all of our Great Government officials on the CoronaVirus Task Force who are working around the clock in response to the CoronaVirus. Continue to check https://t.co/boZM2NePJW for updates and follow all recommendations that are available....,03-11-2020 19:17:50,13809,55034,false,1237820042735226887
Twitter for iPhone,....Together we are putting into policy a plan to prevent detect treat and create a vaccine against CoronaVirus to save lives in America and the world. America will get it done!,03-11-2020 18:52:45,12441,57851,false,1237813728558678026
Twitter for iPhone,Someone needs to tell the Democrats in Congress that CoronaVirus doesn‚Äôt care what party you are in. We need to protect ALL Americans!,03-11-2020 18:50:10,35525,165578,false,1237813081394348034
Twitter for iPhone,Vanity Fair Magazine which will soon be out of business and their third rate Fake reporters who make up sources which don‚Äôt exist wrote yet another phony &amp; boring hit piece. The facts are just the opposite. Our team is doing a great job with CoronaVirus!,03-11-2020 14:22:00,21305,94745,false,1237745593876873217
Twitter for iPhone,RT @Mike_Pence: Keep yourself and those around you safe from the Coronavirus: https://t.co/XHz9BWzxq0,03-10-2020 16:07:23,13987,0,true,1237409728474615808
Twitter for iPhone,Our CoronaVirus Team has been doing a great job. Even Democrat governors have been VERY complimentary!,03-10-2020 14:44:11,13031,68152,false,1237388788776800256
Twitter for iPhone,RT @alx: .@trish_regan didn‚Äôt say Coronavirus is a scam.. she‚Äôs talking about how Democrats are blaming Trump for it.,03-10-2020 04:45:42,9308,0,true,1237238176147812353
Twitter for iPhone,RT @WhiteHouse: LIVE: Members of the Coronavirus Task Force Hold a Press Briefing https://t.co/QkF20ooYl5,03-09-2020 22:34:14,9088,0,true,1237144694548725760
Twitter for iPhone,So last year 37000 Americans died from the common Flu. It averages between 27000 and 70000 per year. Nothing is shut down life &amp; the economy go on. At this moment there are 546 confirmed cases of CoronaVirus with 22 deaths. Think about that!,03-09-2020 14:47:59,83030,291234,false,1237027356314869761
Twitter for iPhone,Great job being done by the @VP and the CoronaVirus Task Force. Thank you!,03-09-2020 13:11:47,14505,73246,false,1237003145743605761
Twitter for iPhone,The Fake News Media and their partner the Democrat Party is doing everything within its semi-considerable power (it used to be greater!) to inflame the CoronaVirus situation far beyond what the facts would warrant. Surgeon General ‚ÄúThe risk is low to the average American.‚Äù,03-09-2020 11:20:43,25985,90579,false,1236975196642390022
Twitter for iPhone,RT @charliekirk11: Let me get this straight:Democrats and the mainstream media are trying to incite panic over the Coronavirus...Yet th‚Ä¶,03-09-2020 11:11:04,24646,0,true,1236972768308203520
Twitter for iPhone,RT @DrPaulGosar: Also. There seems to be a Leftist trope that the Covid19 is a ‚Äúhoax.‚Äù   You do a disservice by spreading fake information.‚Ä¶,03-09-2020 10:36:12,7255,0,true,1236963992427540480
Twitter for iPhone,RT @thedailybeast: Surgeon General Jerome Adams used his comments to downplay the risk of coronavirus to the president https://t.co/PA6a3Dv‚Ä¶,03-09-2020 05:07:31,4600,0,true,1236881279121047553
Twitter for iPhone,We have a perfectly coordinated and fine tuned plan at the White House for our attack on CoronaVirus. We moved VERY early to close borders to certain areas which was a Godsend. V.P. is doing a great job. The Fake News Media is doing everything possible to make us look bad. Sad!,03-08-2020 12:45:45,32194,146014,false,1236634209516752896
Twitter for iPhone,RT @WhiteHouse: President @realDonaldTrump signed the $8.3 billion funding bill to combat Coronavirus and defend the health and safety of t‚Ä¶,03-08-2020 04:04:06,9972,0,true,1236502931509252097
Twitter for iPhone,RT @seanhannity: @realdonaldTrump  Donates His Quarterly Salary to Help Fight Coronavirus Find Vaccine https://t.co/k6ihTvlKls,03-08-2020 04:02:15,8063,0,true,1236502466407038976
Twitter for iPhone,RT @Mike_Pence: As a result of President @realDonaldTrump‚Äôs leadership every state lab in the Country can now conduct Coronavirus testing.‚Ä¶,03-08-2020 04:01:33,11028,0,true,1236502287268356096
Twitter for iPhone,Spoke to Governor @GavinNewsom early this morning about the cruise ship quarantined off the California Coast. CoronaVirus test kits have been delivered testing is taking place now. https://t.co/Pqda00HVCC,03-06-2020 15:47:58,13078,52003,false,1235955288064135168
Twitter for iPhone,It is FAKE NEWS that @HHSGov @SecAzar is ‚Äúsidelined‚Äù from the great job he is doing on the CoronaVirus Task Force. He has the total confidence of the @VP and myself and is doing a fantastic job as the numbers would indicate!,03-06-2020 15:38:06,15204,64081,false,1235952805581447173
Twitter for iPhone,Gallup just gave us the highest rating ever for the way we are handling the CoronaVirus situation. The April 2009-10 Swine Flu where nearly 13000 people died in the U.S. was poorly handled. Ask MSDNC &amp; lightweight Washington failure @RonaldKlain who the President was then?,03-05-2020 20:34:49,17909,72791,false,1235665090432708608
Twitter for iPhone,With approximately 100000 CoronaVirus cases worldwide and 3280 deaths the United States because of quick action on closing our borders has as of now only 129 cases (40 Americans brought in) and 11 deaths. We are working very hard to keep these numbers as low as possible!,03-05-2020 16:34:21,26758,140561,false,1235604572850343937
Twitter for iPhone,‚ÄúI want to commend the President for how he has handled the CoronaVirus situation especially his early decision to shut down access into our Country from China despite strong opposition to that decision.‚Äù @SenTomCotton Thank you Tom!,03-05-2020 15:53:33,12281,56638,false,1235594306297253889
Twitter for iPhone,I NEVER said people that are feeling sick should go to work. This is just more Fake News and disinformation put out by the Democrats in particular MSDNC. Comcast covers the CoronaVirus situation horribly only looking to do harm to the incredible &amp; successful effort being made!,03-05-2020 14:30:50,25915,103076,false,1235573492004904961
Twitter for iPhone,RT @realDonaldTrump: Congress has agreed to provide $8 Billion to fight Coronavirus! This means @CDCgov @HHSGov and @DHSgov will have the‚Ä¶,03-05-2020 00:16:07,10218,0,true,1235358395164655617
Twitter for iPhone,Congress has agreed to provide $8 Billion to fight Coronavirus! This means @CDCgov @HHSGov and @DHSgov will have the resources they need to Keep America Safe and keep the risk to workers and families very low. This is great news for our Health our Economy and our Nation!,03-04-2020 23:46:50,13902,61187,false,1235351025349013505
Twitter for iPhone,Congress has agreed to provide $8 Billion to fight Coronavirus! This means @CDC @HHSGov and @DHSgov will have the resources they need to Keep America Safe and keep the risk to workers and families very low. This is great news for our Health our Economy and our Nation!,03-04-2020 23:45:39,14,36,false,1235350726500659202
Twitter for iPhone,RT @GOPLeader: The United States has never been better prepared to deal with an infectious disease like the coronavirus. Under Republicans‚Ä¶,03-04-2020 05:34:58,7224,0,true,1235076248797249538
Twitter for iPhone,RT @GOP: Just in: @realDonaldTrump donates his quarterly salary to @HHSgov to help fight coronavirus. THANK YOU President Trump!https:/‚Ä¶,03-04-2020 02:56:22,17174,0,true,1235036335892762624
Twitter for iPhone,Australia‚Äôs Central Bank cut interest rates and stated it will most likely further ease in order to make up for China‚Äôs Coronavirus situation and slowdown. They reduced to 0.5% a record low. Other countries are doing the same thing if not more so. Our Federal Reserve has us....,03-03-2020 06:34:02,14267,57003,false,1234728724219691008
Twitter for iPhone,Australia‚Äôs Central Bank cut interest rates and stated it will most likely further ease in order to make up for China‚Äôs Coronavirus situation and slowdown. They reduced to 0.5% a record low. Other countries are doing the same thing if not more so. Our Federal Reserve has us....,03-03-2020 06:27:46,643,2247,false,1234727146964254721
Twitter for iPhone,RT @TwitterMoments: President Trump and VP Mike Pence provided further updates on the coronavirus outbreak including travel advisories for‚Ä¶,03-02-2020 12:31:41,4609,0,true,1234456341948903425
Twitter for iPhone,RT @WHOWPRO: This is how you can reduce your risk of new #coronavirus #COVID19 https://t.co/H2uN7tILRz,03-02-2020 12:28:53,5457,0,true,1234455635447762944
Twitter for iPhone,RT @HealthyFla: Florida has 2 presumptive positive #COVID19 cases: one adult resident of Hillsborough County and one adult resident of Mana‚Ä¶,03-02-2020 12:09:47,7527,0,true,1234450830419468288
Twitter for iPhone,RT @TrumpWarRoom: Health and Human Services Secretary Alex Azar on the Coronavirus:"The risk to average Americans remains low. We are wor‚Ä¶,03-02-2020 00:52:06,7272,0,true,1234280284159455232
Twitter for iPhone,A Poll in today‚Äôs New York Post says that 77% of ‚ÄúU.S. adults have confidence in their government‚Äôs ability to handle the Coronavirus (Number One) compared to other health threats.‚Äù 64% for Zika 58% for Ebola. Others way down on list. Our professionals are doing a great job!,03-01-2020 20:17:46,23042,99929,false,1234211248373403648
Twitter for iPhone,Coronavirus: In addition to screening travelers ‚Äúprior to boarding‚Äù from certain designated high risk countries or areas within those countries they will also be screened when they arrive in America. Thank you! @VP @SecAzar @CDCgov @CDCDirector,03-01-2020 13:31:59,18025,71404,false,1234109126864707585
Twitter for iPhone,I will be having a 1:30 P.M. Press Conference at the White House to discuss the latest CoronaVirus developments. Thank you!,02-29-2020 17:02:35,21282,118643,false,1233799741630230530
Twitter for iPhone,The Do Nothing Democrats were busy wasting time on the Immigration Hoax &amp; anything else they could do to make the Republican Party look bad while I was busy calling early BORDER &amp; FLIGHT closings putting us way ahead in our battle with Coronavirus. Dems called it VERY wrong!,02-28-2020 05:43:14,21989,89415,false,1233266386291580931
Twitter for iPhone,So the Coronavirus which started in China and spread to various countries throughout the world but very slowly in the U.S. because President Trump closed our border and ended flights VERY EARLY is now being blamed by the Do Nothing Democrats to be the fault of ‚ÄúTrump‚Äù.,02-28-2020 05:05:02,34970,159391,false,1233256774964273152
Twitter for iPhone,Congratulations and thank you to our great Vice President &amp; all of the many professionals doing such a fine job at CDC &amp; all other agencies on the Coronavirus situation. Only a very small number in U.S. &amp; China numbers look to be going down. All countries working well together!,02-28-2020 02:39:20,21032,98797,false,1233220106324451328
Twitter for iPhone,Do Nothing Democrats were busy wasting their time on the Impeachment Hoax &amp; anything they could do to make the Republican Party look bad while I was busy calling early boarder &amp; flight closings putting us way ahead in our battle with the Coronavirus. Dems called it very wrong!,02-28-2020 02:32:10,15305,59823,false,1233218304271167489
Twitter for iPhone,‚ÄúAnti-Trump Network @CNN doing whatever it can to stoke a national Coronavirus panic. The far left Network pretty much ignoring anyone who they interview who doesn‚Äôt blame President Trump.‚Äù @trish_regan @FoxNews Media refuses to discuss the great job our professionals are doing!,02-28-2020 01:53:59,21949,79496,false,1233208695099666433
Twitter for iPhone,Just landed. India was great trip very successful. Heading to the White House. Meetings and calls scheduled today. @CDCgov @SecAzar and all doing a great job with respect to Coronavirus! Briefing this afternoon.,02-26-2020 11:39:45,17818,99298,false,1232631333408649216
Twitter for iPhone,RT @CDCgov: There is currently no reported community spread of #COVID19 in the US. People should follow everyday measures to prevent the sp‚Ä¶,02-26-2020 07:24:59,12926,0,true,1232567216547057664
Twitter for iPhone,RT @realDonaldTrump: CDC and my Administration are doing a GREAT job of handling Coronavirus including the very early closing of our borde‚Ä¶,02-26-2020 07:22:56,25437,0,true,1232566700693835777
Twitter for iPhone,‚ÄúU.S. acted on the Coronavirus very very quickly.‚Äù Gordon Chang  @IngrahamAngle,02-26-2020 07:19:49,11378,54817,false,1232565919043317761
Twitter for iPhone,RT @LouDobbs: Controlling the Pandemic: Dr. Anthony Fauci says travel restrictions from China puts America a step ahead of Coronavirus outb‚Ä¶,02-26-2020 06:49:26,4629,0,true,1232558272038572032
Twitter for iPhone,RT @LouDobbs: Constraining the Pandemic: @SecAzar praises @POTUS‚Äô historically aggressive efforts to control the coronavirus in the U.S. #A‚Ä¶,02-26-2020 06:46:17,4364,0,true,1232557481034829826
Twitter for iPhone,CDC and my Administration are doing a GREAT job of handling Coronavirus including the very early closing of our borders to certain areas of the world. It was opposed by the Dems ‚Äútoo soon‚Äù but turned out to be the correct decision. No matter how well we do however the.....,02-26-2020 02:29:21,25415,109363,false,1232492821501771776
Twitter for iPhone,Cryin‚Äô Chuck Schumer is complaining for publicity purposes only that I should be asking for more money than $2.5 Billion to prepare for Coronavirus. If I asked for more he would say it is too much. He didn‚Äôt like my early travel closings. I was right. He is incompetent!,02-25-2020 14:02:15,28254,124772,false,1232304804820467714
Twitter for iPhone,The Coronavirus is very much under control in the USA. We are in contact with everyone and all relevant countries. CDC &amp; World Health have been working hard and very smart. Stock Market starting to look very good to me!,02-24-2020 21:42:02,26995,138245,false,1232058127740174339
Twitter for iPhone,Just had a long and very good conversation by phone with President Xi of China. He is strong sharp and powerfully focused on leading the counterattack on the Coronavirus. He feels they are doing very well even building hospitals in a matter of only days. Nothing is easy but...,02-07-2020 10:31:22,16717,97671,false,1225728755248828416
Twitter for iPhone,RT @realDonaldTrump: Working closely with China and others on Coronavirus outbreak. Only 5 people in U.S. all in good recovery.,01-31-2020 14:35:14,22971,0,true,1223253407848443905
Twitter for iPhone,RT @EpochTimesCan: Trump administration forms #coronavirus task forcehttps://t.co/mnpl6MiXQb,01-30-2020 22:15:23,5316,0,true,1223006823348830208
Twitter for iPhone,Working closely with China and others on Coronavirus outbreak. Only 5 people in U.S. all in good recovery.,01-30-2020 22:04:35,22918,138150,false,1223004106408833025
Twitter for iPhone,Just received a briefing on the Coronavirus in China from all of our GREAT agencies who are also working closely with China. We will continue to monitor the ongoing developments. We have the best experts anywhere in the world and they are on top of it 24/7! https://t.co/rrtF1Stk78,01-30-2020 00:06:52,17266,74051,false,1222672488934584324
Twitter for iPhone,RT @OANN: Johnson &amp; Johnson to create coronavirus vaccine https://t.co/3vFiufKaeV #OANN https://t.co/L4U8K7FRRb,01-28-2020 19:11:06,6008,0,true,1222235668430184449
Twitter for iPhone,RT @SenateForeign: Today I was briefed by leading global health experts about the outbreak of a novel coronavirus in China. We learned that‚Ä¶,01-28-2020 03:42:14,3941,0,true,1222001913081798656
Twitter for iPhone,China has been working very hard to contain the Coronavirus. The United States greatly appreciates their efforts and transparency. It will all work out well. In particular on behalf of the American People I want to thank President Xi!,01-24-2020 21:18:15,22967,124909,false,1220818115354923009